config,mean_loss,std_loss,min_loss,max_loss,n_sessions,n_top1,top1_rate,mean_rank
wide_3x,41.562903828091095,7.505064488144433,21.146718978881836,55.86958312988281,36,18,0.5,3.0277777777777777
wide_2x,42.49911594390869,7.685859320987533,20.364683151245117,56.475196838378906,36,4,0.1111111111111111,5.111111111111111
base_decay3,42.688145107693146,7.633351143962953,22.576786041259766,55.798118591308594,36,2,0.05555555555555555,6.416666666666667
medium_2x,42.918981393178306,7.414346244063656,26.354944229125977,55.87563705444336,36,0,0.0,5.916666666666667
base_decay4,43.03637488683065,7.9021759524946855,26.508441925048828,59.64829635620117,36,3,0.08333333333333333,6.611111111111111
medium_thr125,43.13471529218886,7.350887844049141,27.533761978149414,55.72345733642578,36,3,0.08333333333333333,6.805555555555555
base,43.500873194800484,7.739036649944422,26.421367645263672,56.73939514160156,36,0,0.0,7.666666666666667
medium_3x,43.500873194800484,7.739036649944422,26.421367645263672,56.73939514160156,36,0,0.0,7.666666666666667
deep_4x,43.70413557688395,7.765984154573499,24.197551727294922,56.062583923339844,36,2,0.05555555555555555,8.88888888888889
small_2x,43.824883725908066,7.679580970405741,28.51714324951172,58.28064727783203,36,0,0.0,8.722222222222221
base_thr075,44.059418519337974,7.858041196420042,22.418424606323242,59.861961364746094,36,1,0.027777777777777776,10.027777777777779
base_thr125,44.08916685316298,8.716597384443567,25.307437896728516,60.224021911621094,36,1,0.027777777777777776,9.13888888888889
deep_thr125,45.71253697077433,9.235916811363966,25.337038040161133,64.24077606201172,36,1,0.027777777777777776,13.055555555555555
base_thr150,45.96879635916816,9.835534408577862,25.968521118164062,64.18843078613281,36,1,0.027777777777777776,12.972222222222221
small_thr125,46.13340923521254,8.512869949327662,29.428373336791992,60.25440979003906,36,0,0.0,14.61111111111111
small_1x,46.199113316006134,8.447557372093744,28.250232696533203,60.4316291809082,36,0,0.0,14.944444444444445
deep_decay1,46.415214697519936,8.357674597576251,27.294363021850586,60.530757904052734,36,0,0.0,16.166666666666668
base_decay1,46.824796199798584,8.70731551973672,26.488134384155273,60.954559326171875,36,0,0.0,16.36111111111111
medium_decay1,47.183099587758385,8.575364634593827,28.764345169067383,61.050296783447266,36,0,0.0,17.305555555555557
small_decay1,51.43378183576796,9.723847257427655,31.376907348632812,68.37012481689453,36,0,0.0,20.0
base_thr200,52.29933087031046,13.932980134451801,23.943185806274414,76.10914611816406,36,0,0.0,18.583333333333332
