config,depth,peak_width,threshold,decay,variant,hidden_dims,n_hidden,total_hidden,rank_mean_loss,rank_in_depth,rank_mean_rank,mean_loss,std_loss,min_loss,max_loss,n_sessions,mean_rank,n_top1,top1_rate,meta_source
small_decay1,2,128,1,1,decay,128,1,128,26,3,29,51.426282776726616,9.7284258638489,31.376907348632812,68.37012481689453,36,27.666666666666668,0,0.0,sweep_table
small_1x,2,128,1,2,baseline,128,1,128,19,2,19,46.21766556633843,8.43153864254261,28.250232696533203,60.4316291809082,36,18.055555555555557,0,0.0,sweep_table
small_thr125,2,128,1.25,2,threshold,128,1,128,18,1,17,46.13325209087796,8.514439065725378,29.428373336791992,60.25440979003906,36,17.194444444444443,0,0.0,sweep_table
small_2x,3,192,1,2,baseline,192 96,2,288,9,3,7,43.805585119459366,7.671610632271102,28.51714324951172,58.28064727783203,36,9.13888888888889,2,0.05555555555555555,sweep_table
medium_decay1,3,256,1,1,decay,256 128,2,384,22,4,24,47.19599750306871,8.557629677904256,28.764345169067383,61.050296783447266,36,21.805555555555557,0,0.0,sweep_table
medium_2x,3,256,1,2,baseline,256 128,2,384,2,1,2,42.87022850248549,7.439223777858282,26.354944229125977,55.87563705444336,36,6.0,5,0.1388888888888889,sweep_table
medium_thr125,3,256,1.25,2,threshold,256 128,2,384,4,2,4,43.026849799686005,7.447429769641499,27.533761978149414,55.72345733642578,36,6.583333333333333,3,0.08333333333333333,sweep_table
base_thr075,4,256,0.75,2,threshold,256 128 64,3,448,10,5,11,44.044052282969155,7.844856279894373,22.418424606323242,59.861961364746094,36,10.777777777777779,1,0.027777777777777776,sweep_table
base_decay1,4,256,1,1,decay,256 128 64,3,448,21,8,22,46.809974405500625,8.71688510520019,26.488134384155273,60.954559326171875,36,20.36111111111111,0,0.0,sweep_table
base,4,256,1,2,baseline,256 128 64,3,448,5,3,5,43.39047574996948,7.853811389522558,26.421367645263672,56.73939514160156,36,7.222222222222222,0,0.0,sweep_table
medium_3x,4,256,1,2,baseline,256 128 64,3,448,5,3,5,43.39047574996948,7.853811389522558,26.421367645263672,56.73939514160156,36,7.222222222222222,0,0.0,sweep_table
base_decay3,4,256,1,3,decay,256 128 64,3,448,1,1,1,42.56481403774686,7.774731835898318,22.576786041259766,55.798118591308594,36,5.25,8,0.2222222222222222,sweep_table
base_decay4,4,256,1,4,decay,256 128 64,3,448,3,2,3,42.99731556574503,7.930557570843451,26.508441925048828,59.64829635620117,36,6.472222222222222,4,0.1111111111111111,sweep_table
base_thr125,4,256,1.25,2,threshold,256 128 64,3,448,11,6,10,44.187111112806534,8.600803075832824,25.307437896728516,60.224021911621094,36,10.055555555555555,2,0.05555555555555555,sweep_table
base_thr150,4,256,1.5,2,threshold,256 128 64,3,448,16,7,16,45.985949675242104,9.81501944798076,25.968521118164062,64.18843078613281,36,15.333333333333334,1,0.027777777777777776,sweep_table
base_thr200,4,256,2,2,threshold,256 128 64,3,448,27,9,26,52.33165301216973,13.89883003551529,23.943185806274414,76.10914611816406,36,24.694444444444443,0,0.0,sweep_table
deep_decay1,5,256,1,1,decay,256 192 128 64,4,640,20,3,20,46.3493078549703,8.430619892936228,27.294363021850586,60.530757904052734,36,19.47222222222222,0,0.0,sweep_table
deep_4x,5,256,1,2,baseline,256 192 128 64,4,640,8,1,8,43.69513204362657,7.766705331087018,24.197551727294922,56.062583923339844,36,9.25,1,0.027777777777777776,sweep_table
deep_thr125,5,256,1.25,2,threshold,256 192 128 64,4,640,14,2,15,45.79912371105618,9.129203742954186,25.337038040161133,64.24077606201172,36,15.25,1,0.027777777777777776,sweep_table
deep6_small,6,192,1,2,baseline,128 192 192 128 64,5,704,23,5,21,47.24060768551297,9.568618972647485,27.0730037689209,68.31206512451172,36,19.77777777777778,1,0.027777777777777776,sweep_table
deep6_small_thr125,6,192,1.25,2,threshold,128 192 192 128 64,5,704,29,8,28,53.03822146521674,13.37282870850949,24.208534240722656,80.50633239746094,36,27.27777777777778,0,0.0,sweep_table
deep6_base_thr075,6,256,0.75,2,threshold,192 256 256 192 96,5,992,7,1,9,43.61938185162015,7.95341530959182,22.02085304260254,56.811153411865234,36,9.38888888888889,4,0.1111111111111111,sweep_table
deep6_base_decay1,6,256,1,1,decay,192 256 256 192 96,5,992,15,3,18,45.98528167936537,8.312273762655899,24.380510330200195,60.6497917175293,36,17.694444444444443,0,0.0,sweep_table
deep6_base,6,256,1,2,baseline,192 256 256 192 96,5,992,13,2,13,45.584036668141685,8.492349263990258,24.077775955200195,61.0242919921875,36,14.972222222222221,1,0.027777777777777776,sweep_table
deep6_base_decay3,6,256,1,3,decay,192 256 256 192 96,5,992,17,4,14,46.02891318003336,8.889231061473186,24.056720733642578,59.416507720947266,36,15.166666666666666,1,0.027777777777777776,sweep_table
deep6_base_thr125,6,256,1.25,2,threshold,192 256 256 192 96,5,992,25,7,25,49.059384398990204,10.108711971523379,24.49823570251465,67.03621673583984,36,23.61111111111111,0,0.0,sweep_table
deep6_base_thr150,6,256,1.5,2,threshold,192 256 256 192 96,5,992,30,9,30,55.0045166015625,15.240535052170436,22.71429443359375,84.21227264404297,36,28.194444444444443,0,0.0,sweep_table
deep6_base_thrtaper,6,256,taper 1.25->0.75,2,threshold,192 256 256 192 96,5,992,24,6,23,47.995120684305824,9.725038055078812,24.000465393066406,64.35904693603516,36,20.833333333333332,0,0.0,sweep_table
deep8_small,8,192,1,2,baseline,128 160 192 192 160 128 64,7,1024,32,4,33,57.890158335367836,14.345123226187978,24.37397003173828,83.84989929199219,36,31.47222222222222,0,0.0,sweep_table
deep8_small_thr125,8,192,1.25,2,threshold,128 160 192 192 160 128 64,7,1024,36,8,36,64.01991828282674,15.979786119220755,22.216154098510742,90.82898712158203,36,34.19444444444444,0,0.0,sweep_table
deep8_base_thr075,8,256,0.75,2,threshold,192 224 256 256 224 192 96,7,1440,12,1,12,44.91713423199124,8.403178162007032,23.24808692932129,60.06035614013672,36,13.61111111111111,1,0.027777777777777776,sweep_table
deep8_base_decay1,8,256,1,1,decay,192 224 256 256 224 192 96,7,1440,28,2,27,52.941929764217804,13.515598403921441,23.063405990600586,79.5732192993164,36,27.0,0,0.0,sweep_table
deep8_base,8,256,1,2,baseline,192 224 256 256 224 192 96,7,1440,31,3,31,56.32377258936564,14.461399436814132,23.42850685119629,77.34960174560547,36,28.916666666666668,0,0.0,sweep_table
deep8_base_decay3,8,256,1,3,decay,192 224 256 256 224 192 96,7,1440,33,5,32,59.44931569780622,15.549368718612591,23.03554344177246,83.31999206542969,35,31.0,0,0.0,sweep_table
deep8_base_thr125,8,256,1.25,2,threshold,192 224 256 256 224 192 96,7,1440,35,7,35,63.03046464920044,15.990696615177551,22.592443466186523,83.46468353271484,36,32.97222222222222,0,0.0,sweep_table
deep8_base_thr150,8,256,1.5,2,threshold,192 224 256 256 224 192 96,7,1440,37,9,37,68.23858032226562,14.734252344030105,22.360790252685547,90.89542388916016,35,35.628571428571426,0,0.0,sweep_table
deep8_base_thrtaper,8,256,taper 1.25->0.75,2,threshold,192 224 256 256 224 192 96,7,1440,34,6,34,60.91761700312296,15.928197706354313,22.946943283081055,82.68887329101562,36,32.30555555555556,0,0.0,sweep_table
