session,2,3,4,5,6,8
indy_20160407_02,42.39616012573242,40.020198822021484,40.46259307861328,41.43107604980469,40.988712310791016,41.76323699951172
indy_20160411_01,38.34303283691406,36.91001892089844,36.86037826538086,37.08833694458008,37.78535461425781,38.503990173339844
indy_20160411_02,36.57020568847656,33.51432418823242,33.37430953979492,32.80440902709961,33.489994049072266,37.053977966308594
indy_20160418_01,33.38109588623047,31.35541534423828,32.40409469604492,32.16741943359375,33.13503646850586,33.63344955444336
indy_20160419_01,38.51768493652344,35.000389099121094,32.10816192626953,35.2412223815918,30.634458541870117,32.05241394042969
indy_20160426_01,28.250232696533203,26.354944229125977,22.418424606323242,24.197551727294922,22.02085304260254,22.216154098510742
indy_20160622_01,34.521427154541016,34.044673919677734,32.68852233886719,33.20833969116211,34.266414642333984,34.09154510498047
indy_20160624_03,39.235050201416016,36.309452056884766,35.32768630981445,36.237361907958984,34.468570709228516,37.94929504394531
indy_20160627_01,36.723445892333984,35.3080940246582,35.82680130004883,36.37663269042969,36.785423278808594,38.145423889160156
indy_20160630_01,47.56508255004883,47.95777893066406,47.391334533691406,50.619529724121094,49.59686279296875,49.688262939453125
indy_20160915_01,55.525390625,50.198997497558594,48.98820114135742,51.08980178833008,49.19260787963867,53.69767761230469
indy_20160916_01,50.44160461425781,47.393436431884766,47.91107177734375,48.42662811279297,50.66097640991211,50.74138641357422
indy_20160921_01,59.22064971923828,55.72345733642578,55.29281234741211,54.773780822753906,55.85069274902344,60.06035614013672
indy_20160927_04,53.81682205200195,49.46657943725586,46.277015686035156,49.340721130371094,48.02861785888672,48.54774475097656
indy_20160927_06,56.79178237915039,52.362640380859375,52.67340850830078,52.2033576965332,52.106632232666016,54.16177749633789
indy_20160930_02,52.51371383666992,48.62016296386719,48.16097640991211,51.55269241333008,49.972591400146484,52.578086853027344
indy_20160930_05,41.4135856628418,38.6550407409668,38.57292556762695,39.82136535644531,39.03721237182617,39.93564224243164
indy_20161005_06,60.25440979003906,52.890506744384766,54.928985595703125,56.062583923339844,56.811153411865234,56.3690071105957
indy_20161006_02,55.37712478637695,48.41432189941406,49.15715408325195,49.6710090637207,47.62040710449219,52.708740234375
indy_20161007_02,57.6924934387207,50.55712890625,50.447120666503906,49.50480270385742,50.98930740356445,49.02791213989258
indy_20161011_03,39.86899185180664,37.32512664794922,38.603450775146484,38.44785690307617,39.06171417236328,37.584815979003906
indy_20161013_03,43.86180877685547,40.35716247558594,40.14086151123047,40.73191833496094,39.43018341064453,42.46403884887695
indy_20161014_04,43.33300018310547,39.694942474365234,38.71013641357422,40.890933990478516,39.62057876586914,42.692726135253906
indy_20161017_02,52.725833892822266,47.48970031738281,42.91926193237305,47.18246841430664,46.584842681884766,49.052024841308594
indy_20161024_03,53.19236373901367,49.4034423828125,47.48070526123047,52.42974090576172,48.801883697509766,53.96229553222656
indy_20161025_04,52.28272247314453,45.316200256347656,46.632930755615234,44.3227653503418,43.42319869995117,48.53313064575195
indy_20161026_03,44.456756591796875,39.14108657836914,38.5989875793457,40.41114044189453,40.140602111816406,41.56210708618164
indy_20161027_03,44.05949401855469,39.622066497802734,40.08417510986328,41.5579833984375,42.51817321777344,45.69853210449219
indy_20161206_02,53.03553771972656,49.53911590576172,49.29016876220703,51.6031608581543,49.483402252197266,51.48135757446289
indy_20161207_02,49.02180480957031,45.797122955322266,46.84336853027344,50.61479949951172,48.69277572631836,52.485008239746094
indy_20161212_02,43.99814224243164,41.70313262939453,41.00727081298828,43.229278564453125,43.880130767822266,45.317474365234375
indy_20161220_02,52.030574798583984,49.099117279052734,48.38088607788086,51.42897415161133,51.80253219604492,52.967105865478516
indy_20170123_02,48.851993560791016,46.13935852050781,46.95110321044922,48.49684143066406,50.42585372924805,48.721561431884766
indy_20170124_01,34.34664535522461,31.04446029663086,30.68726921081543,31.643253326416016,32.15336227416992,33.65803527832031
indy_20170127_03,46.550445556640625,42.9011116027832,43.41777801513672,46.77237319946289,47.17859649658203,49.030113220214844
indy_20170131_02,32.928367614746094,32.27095413208008,31.406721115112305,34.4310417175293,33.39604949951172,34.804378509521484
