depth,peak_width,n_configs,best_config,best_mean_loss,best_overall_rank,median_mean_loss,worst_mean_loss,avg_mean_rank,total_top1,configs
2,128,3,small_thr125,46.13325209087796,21,46.21766556633843,51.426282776726616,24.842592592592595,0,"small_thr125, small_1x, small_decay1"
3,192,1,small_2x,43.805585119459366,11,43.805585119459366,43.805585119459366,11.694444444444445,0,small_2x
3,256,3,medium_2x,42.87022850248549,4,43.026849799686005,47.19599750306871,13.972222222222223,3,"medium_2x, medium_thr125, medium_decay1"
3,384,1,wide_2x,42.51451015472412,2,42.51451015472412,42.51451015472412,6.638888888888889,5,wide_2x
4,256,9,base_decay3,42.56481403774686,3,44.044052282969155,52.33165301216973,14.574074074074073,5,"base_decay3, base_decay4, medium_3x, base, base_thr075, base_thr125, base_thr150, base_decay1, base_thr200"
4,512,1,wide_3x,41.544777658250595,1,41.544777658250595,41.544777658250595,3.75,16,wide_3x
5,256,3,deep_4x,43.69513204362657,10,45.79912371105618,46.3493078549703,17.59259259259259,1,"deep_4x, deep_thr125, deep_decay1"
6,192,2,deep6_small,47.24060768551297,27,50.13941457536485,53.03822146521674,27.77777777777778,1,"deep6_small, deep6_small_thr125"
6,256,7,deep6_base_thr075,43.61938185162015,9,46.02891318003336,55.0045166015625,22.16269841269841,2,"deep6_base_thr075, deep6_base, deep6_base_decay1, deep6_base_decay3, deep6_base_thrtaper, deep6_base_thr125, deep6_base_thr150"
6,384,2,deep6_wide,44.21774625778198,14,45.623224602805244,47.028702947828506,17.25,1,"deep6_wide, deep6_wide_thr125"
8,192,2,deep8_small,57.890158335367836,37,60.95503830909729,64.01991828282674,38.34722222222222,0,"deep8_small, deep8_small_thr125"
8,256,7,deep8_base_thr075,44.91713423199124,15,59.44931569780622,68.23858032226562,33.74886621315193,1,"deep8_base_thr075, deep8_base_decay1, deep8_base, deep8_base_decay3, deep8_base_thrtaper, deep8_base_thr125, deep8_base_thr150"
8,384,2,deep8_wide,51.57065338558621,31,55.655006034790524,59.73935868399484,32.01706349206349,1,"deep8_wide, deep8_wide_thr125"
