experiment,subject,session_label,n_rows,n_channels,duration_min,silent_channel_frac,still_bin_frac,zero_lag_corr,best_lag_ms,best_lag_corr,diagnosis
bmi,indy,indy_20160407_02,204381,96,13.6254,0.0625,0.0,0.5939370999874609,-24.0,0.5972246161334827,OK
bmi,indy,indy_20160411_01,238240,96,15.882666666666667,0.07291666666666667,0.0,0.5485857733334198,-20.0,0.5511462101062229,OK
bmi,indy,indy_20160411_02,219935,96,14.662333333333333,0.07291666666666667,0.0,0.5458119590092151,-16.0,0.5470478662735012,OK
bmi,indy,indy_20160418_01,339339,96,22.6226,0.052083333333333336,0.0,0.6056839944863182,-24.0,0.6103508471607524,OK
bmi,indy,indy_20160419_01,130936,96,8.729066666666666,0.041666666666666664,0.0,0.628531172301653,-36.0,0.6370363744463988,OK
bmi,indy,indy_20160420_01,388237,96,25.88246666666667,0.052083333333333336,0.0,0.584449046215525,-44.0,0.59790208522372,OK
bmi,indy,indy_20160426_01,440452,96,29.363466666666667,0.041666666666666664,0.0,0.5333028561169173,-36.0,0.5418957453785519,OK
bmi,indy,indy_20160622_01,612355,96,40.82366666666667,0.020833333333333332,0.0,0.4566776828060915,-60.0,0.47514070133464154,OK
bmi,indy,indy_20160624_03,124935,96,8.329,0.041666666666666664,0.0,0.569136157209369,-36.0,0.5772184337141859,OK
bmi,indy,indy_20160627_01,840672,96,56.0448,0.041666666666666664,0.0,0.5867386645764405,-44.0,0.6034798952010467,OK
bmi,indy,indy_20160630_01,365744,96,24.382933333333334,0.0625,0.0,0.6845072860990075,92.0,0.7817803229699836,OK
bmi,indy,indy_20160915_01,95197,96,6.346466666666667,0.08333333333333333,0.0,0.6235161666560264,-8.0,0.6244334352337089,OK
bmi,indy,indy_20160916_01,112892,96,7.526133333333333,0.08333333333333333,0.0,0.6694472077445851,-8.0,0.6704164440408074,OK
bmi,indy,indy_20160921_01,89973,96,5.9982,0.08333333333333333,0.0,0.6702406451433788,-12.0,0.6723596370607872,OK
bmi,indy,indy_20160927_04,97278,96,6.485200000000001,0.08333333333333333,0.0,0.6245208679435685,-20.0,0.6296998558780597,OK
bmi,indy,indy_20160927_06,105186,96,7.0124,0.08333333333333333,0.002994695111516742,0.608494683295524,-12.0,0.6104041311523418,OK
bmi,indy,indy_20160930_02,115132,96,7.675466666666667,0.052083333333333336,0.0,0.6185089881035082,-40.0,0.6343006831619,OK
bmi,indy,indy_20160930_05,101436,96,6.7624,0.052083333333333336,0.0,0.6832027912001459,-40.0,0.7002622776152717,OK
bmi,indy,indy_20161005_06,93436,96,6.229066666666667,0.11458333333333333,0.0,0.5228173175920293,0.0,0.5228173175920293,OK
bmi,indy,indy_20161006_02,125436,96,8.362400000000001,0.08333333333333333,0.0,0.6128426706033905,-16.0,0.6151453110114836,OK
bmi,indy,indy_20161007_02,122782,96,8.185466666666667,0.08333333333333333,0.0,0.619319101237675,-4.0,0.6194276414067599,OK
bmi,indy,indy_20161011_03,168378,96,11.2252,0.052083333333333336,0.006734846595160888,0.5881887549058153,-32.0,0.5973201356066842,OK
bmi,indy,indy_20161013_03,129296,96,8.619733333333333,0.10416666666666667,0.0,0.6765151975457928,-24.0,0.6832492436611322,OK
bmi,indy,indy_20161014_04,129695,96,8.646333333333333,0.0625,0.0,0.6486538479870304,-24.0,0.6548294630808442,OK
bmi,indy,indy_20161017_02,123894,96,8.2596,0.125,0.0,0.5971393712669376,-16.0,0.600883193046491,OK
bmi,indy,indy_20161024_03,118023,96,7.8682,0.14583333333333334,0.0,0.6240069989662238,-16.0,0.6277017410667822,OK
bmi,indy,indy_20161025_04,125946,96,8.3964,0.07291666666666667,0.0,0.6316530510141013,-36.0,0.6449868299542524,OK
bmi,indy,indy_20161026_03,124299,96,8.2866,0.125,0.0,0.6391938026467674,-24.0,0.6461760948182407,OK
bmi,indy,indy_20161027_03,144675,96,9.645000000000001,0.08333333333333333,6.912044237083117e-06,0.5944025403184587,-32.0,0.602935311464152,OK
bmi,indy,indy_20161206_02,184413,96,12.2942,0.03125,0.009852884558030075,0.5372149439689612,-16.0,0.5392985547122243,OK
bmi,indy,indy_20161207_02,111204,96,7.4136,0.0625,0.0,0.5366550331999043,-20.0,0.5400096994042674,OK
bmi,indy,indy_20161212_02,140122,96,9.341466666666667,0.08333333333333333,0.0,0.6400781049086629,-20.0,0.6459381876976555,OK
bmi,indy,indy_20161220_02,144017,96,9.601133333333333,0.15625,0.0,0.6015621907344467,-40.0,0.6231262077489133,OK
bmi,indy,indy_20170123_02,152381,96,10.158733333333334,0.03125,0.0,0.6128070464561088,-28.0,0.6235218417982724,OK
bmi,indy,indy_20170124_01,147436,96,9.829066666666668,0.010416666666666666,0.0,0.6985704788855317,-20.0,0.7046573723356999,OK
bmi,indy,indy_20170127_03,183322,96,12.221466666666666,0.010416666666666666,0.001985577290232487,0.6026617040407697,-24.0,0.6091995655550173,OK
bmi,indy,indy_20170131_02,203930,96,13.595333333333334,0.0,0.0,0.5372482638129706,-44.0,0.5599147837495111,OK
bmi,loco,loco_20170210_03,442030,96,29.468666666666664,0.03125,0.017073501798520463,0.48066236225094355,-56.0,0.4978096119963564,OK
bmi,loco,loco_20170213_02,604297,96,40.28646666666667,0.0,0.0035843302217287193,0.5205317359336397,-28.0,0.524855544714681,OK
bmi,loco,loco_20170214_02,799731,96,53.3154,0.0,0.03422400782263036,0.38784620087179894,-8.0,0.3879699016354893,OK
bmi,loco,loco_20170215_02,279935,96,18.662333333333333,0.03125,0.0,0.4623255227473088,-48.0,0.47193475516664307,OK
bmi,loco,loco_20170216_02,671232,96,44.748799999999996,0.020833333333333332,0.02640815694126621,0.2975365066753535,-64.0,0.3066498021181793,OK
bmi,loco,loco_20170217_02,460137,96,30.6758,0.020833333333333332,0.03202741792118434,0.3327383384364854,-20.0,0.33358137215645,OK
bmi,loco,loco_20170227_04,503881,96,33.59206666666667,0.041666666666666664,0.0017166751673510215,0.5316765196041076,-92.0,0.5726013363704439,OK
bmi,loco,loco_20170228_02,445155,96,29.677,0.0625,0.02070290123664791,0.5097681348579204,-84.0,0.557880729134623,OK
bmi,loco,loco_20170301_05,289762,96,19.317466666666668,0.03125,0.012927851132998805,0.5094919905355423,-76.0,0.5376866669067556,OK
bmi,loco,loco_20170302_02,570765,96,38.051,0.052083333333333336,0.008737396301455065,0.551424899485398,-76.0,0.5771414154904948,OK
hkm,jenkins,sub-Jenkins_ses-20090912_behavior+ecephys,1071149,192,71.40993333333333,0.0,0.0,0.7153312179622447,16.0,0.7174684429115155,OK
hkm,jenkins,sub-Jenkins_ses-20090916_behavior+ecephys,1558462,192,103.89746666666666,0.0,0.0,0.694146221035318,4.0,0.6943354771055095,OK
hkm,jenkins,sub-Jenkins_ses-20090918_behavior+ecephys,1830370,192,122.02466666666666,0.0,0.0,0.6967389943623514,20.0,0.698819553261068,OK
hkm,jenkins,sub-Jenkins_ses-20090923_behavior+ecephys,1589378,192,105.95853333333334,0.0,0.0,0.6769387249780526,4.0,0.6770649644879763,OK
hkm,nitschke,sub-Nitschke_ses-20090812_behavior+ecephys,1789224,192,119.2816,0.0,0.0,0.3293805532971785,-88.0,0.3489129531525569,OK
hkm,nitschke,sub-Nitschke_ses-20090819_behavior+ecephys,1545902,192,103.06013333333334,0.0,0.0,0.36377719853277607,-72.0,0.38040816863294247,OK
hkm,nitschke,sub-Nitschke_ses-20090910_behavior+ecephys,1530400,192,102.02666666666667,0.0,0.0,0.2626790737758438,-84.0,0.27591467461124325,OK
hkm,nitschke,sub-Nitschke_ses-20090920_behavior+ecephys,2079863,192,138.65753333333333,0.0,0.0,0.4290277861842117,-96.0,0.46327639012061306,OK
hkm,nitschke,sub-Nitschke_ses-20090922_behavior+ecephys,1669316,192,111.28773333333334,0.0,0.0,0.7197036987122745,-80.0,0.7703353510596811,OK
hkm,nitschke,sub-Nitschke_ses-20100923_behavior+ecephys,1730981,192,115.39873333333334,0.0,0.0,0.24960712481437716,-112.0,0.2733228064572783,OK
